Step,Action,Reasoning,Observation,Reward,Done
0,down,,"Active rules:
door is win
baba is you

Objects on the map:
rule `door` 2 step to the left and 4 step up
rule `is` 1 step to the left and 4 step up
rule `win` 4 step up
key 3 steps to the right and 2 step up
door 1 step to the left
rule `baba` 2 step to the left and 1 step down
rule `is` 1 step to the left and 1 step down
rule `you` 1 step down",0,False
1,left,,"Active rules:
door is win
baba is you

Objects on the map:
rule `door` 1 step to the left and 4 step up
rule `is` 4 step up
rule `win` 1 step to the right and 4 step up
key 4 steps to the right and 2 step up
rule `baba` 1 step to the left and 1 step down
rule `is` 1 step down
rule `you` 1 step to the right and 1 step down",0.982,True
